image_name,label
Segmented_10front_S1.jpg,1
Segmented_10front_S2.jpg,1
Segmented_10front_S3.jpg,1
Segmented_10front_S4.jpg,1
Segmented_10front_S6.jpg,1
Segmented_10left_S1.jpg,1
Segmented_10left_S2.jpg,1
Segmented_10left_S4.jpg,1
Segmented_10left_S6.jpg,1
Segmented_10rear_S1.jpg,1
Segmented_10rear_S2.jpg,1
Segmented_10rear_S3.jpg,1
Segmented_10rear_S4.jpg,1
Segmented_10rear_S5.jpg,1
Segmented_10rear_S6.jpg,1
Segmented_10rear_S8.jpg,1
Segmented_10right_S1.jpg,1
Segmented_10right_S2.jpg,1
Segmented_10right_S3.jpg,1
Segmented_10right_S4.jpg,1
Segmented_10right_S6.jpg,1
Segmented_10top_S1.jpg,1
Segmented_10top_S2.jpg,1
Segmented_10top_S3.jpg,1
Segmented_10top_S4.jpg,1
Segmented_10top_S6.jpg,1
Segmented_10top_S7.jpg,1
Segmented_11front_S1.jpg,1
Segmented_11front_S2.jpg,1
Segmented_11front_S3.jpg,1
Segmented_11front_S4.jpg,1
Segmented_11left_S1.jpg,1
Segmented_11left_S2.jpg,1
Segmented_11left_S3.jpg,1
Segmented_11left_S4.jpg,1
Segmented_11left_S6.jpg,1
Segmented_11rear_S2.jpg,1
Segmented_11rear_S6.jpg,1
Segmented_11right_S1.jpg,1
Segmented_11right_S3.jpg,1
Segmented_11right_S4.jpg,1
Segmented_11top_S1.jpg,1
Segmented_11top_S3.jpg,1
Segmented_11top_S4.jpg,1
Segmented_12front_S1.jpg,1
Segmented_12front_S2.jpg,1
Segmented_12front_S3.jpg,1
Segmented_12front_S4.jpg,1
Segmented_12left_S1.jpg,1
Segmented_12left_S2.jpg,1
Segmented_12left_S3.jpg,1
Segmented_12left_S4.jpg,1
Segmented_12rear_S1.jpg,1
Segmented_12rear_S2.jpg,1
Segmented_12rear_S3.jpg,1
Segmented_12rear_S4.jpg,1
Segmented_12right_S2.jpg,1
Segmented_12right_S4.jpg,1
Segmented_12top_S1.jpg,1
Segmented_12top_S4.jpg,1
Segmented_13front_S3.jpg,1
Segmented_13front_S4.jpg,1
Segmented_13left_S1.jpg,1
Segmented_13left_S3.jpg,1
Segmented_13left_S4.jpg,1
Segmented_13rear_S1.jpg,1
Segmented_13rear_S2.jpg,1
Segmented_13rear_S3.jpg,1
Segmented_13rear_S4.jpg,1
Segmented_13right_S2.jpg,1
Segmented_13right_S4.jpg,1
Segmented_13top_S4.jpg,1
Segmented_14front_S3.jpg,1
Segmented_14left_S3.jpg,1
Segmented_14left_S4.jpg,1
Segmented_14rear_S3.jpg,1
Segmented_14rear_S4.jpg,1
Segmented_14top_S4.jpg,1
Segmented_15rear_S4.jpg,1
Segmented_16left_S4.jpg,1
Segmented_17left_S4.jpg,1
Segmented_1front_S1.jpg,1
Segmented_1front_S3.jpg,1
Segmented_1front_S4.jpg,1
Segmented_1front_S5.jpg,1
Segmented_1front_S6.jpg,1
Segmented_1front_S7.jpg,1
Segmented_1left_S5.jpg,1
Segmented_1left_S6.jpg,1
Segmented_1left_S7.jpg,1
Segmented_1left_S8.jpg,1
Segmented_1rear_S1.jpg,1
Segmented_1rear_S5.jpg,1
Segmented_1rear_S6.jpg,1
Segmented_1rear_S7.jpg,1
Segmented_1rear_S8.jpg,1
Segmented_1right_S1.jpg,1
Segmented_1right_S2.jpg,1
Segmented_1right_S3.jpg,1
Segmented_1right_S4.jpg,1
Segmented_1right_S5.jpg,1
Segmented_1right_S6.jpg,1
Segmented_1right_S7.jpg,1
Segmented_1right_S8.jpg,1
Segmented_1top_S5.jpg,1
Segmented_1top_S6.jpg,1
Segmented_1top_S8.jpg,1
Segmented_2front_S1.jpg,1
Segmented_2front_S2.jpg,1
Segmented_2front_S3.jpg,1
Segmented_2front_S5.jpg,1
Segmented_2front_S6.jpg,1
Segmented_2front_S7.jpg,1
Segmented_2front_S8.jpg,1
Segmented_2left_S1.jpg,1
Segmented_2left_S2.jpg,1
Segmented_2left_S3.jpg,1
Segmented_2left_S5.jpg,1
Segmented_2left_S6.jpg,1
Segmented_2left_S7.jpg,1
Segmented_2left_S8.jpg,1
Segmented_2rear_S1.jpg,1
Segmented_2rear_S2.jpg,1
Segmented_2rear_S3.jpg,1
Segmented_2rear_S4.jpg,1
Segmented_2rear_S5.jpg,1
Segmented_2rear_S6.jpg,1
Segmented_2rear_S7.jpg,1
Segmented_2rear_S8.jpg,1
Segmented_2right_S1.jpg,1
Segmented_2right_S2.jpg,1
Segmented_2right_S3.jpg,1
Segmented_2right_S4.jpg,1
Segmented_2right_S5.jpg,1
Segmented_2right_S6.jpg,1
Segmented_2right_S7.jpg,1
Segmented_2right_S8.jpg,1
Segmented_2top_S1.jpg,1
Segmented_2top_S2.jpg,1
Segmented_2top_S5.jpg,1
Segmented_2top_S6.jpg,1
Segmented_2top_S8.jpg,1
Segmented_3front_S1.jpg,1
Segmented_3front_S4.jpg,1
Segmented_3front_S5.jpg,1
Segmented_3front_S6.jpg,1
Segmented_3front_S7.jpg,1
Segmented_3front_S8.jpg,1
Segmented_3left_S1.jpg,1
Segmented_3left_S2.jpg,1
Segmented_3left_S3.jpg,1
Segmented_3left_S5.jpg,1
Segmented_3left_S6.jpg,1
Segmented_3left_S7.jpg,1
Segmented_3left_S8.jpg,1
Segmented_3rear_S1.jpg,1
Segmented_3rear_S3.jpg,1
Segmented_3rear_S5.jpg,1
Segmented_3rear_S6.jpg,1
Segmented_3rear_S8.jpg,1
Segmented_3right_S1.jpg,1
Segmented_3right_S2.jpg,1
Segmented_3right_S3.jpg,1
Segmented_3right_S5.jpg,1
Segmented_3right_S6.jpg,1
Segmented_3right_S7.jpg,1
Segmented_3right_S8.jpg,1
Segmented_3top_S1.jpg,1
Segmented_3top_S2.jpg,1
Segmented_3top_S3.jpg,1
Segmented_3top_S5.jpg,1
Segmented_3top_S6.jpg,1
Segmented_3top_S7.jpg,1
Segmented_3top_S8.jpg,1
Segmented_4front_S1.jpg,1
Segmented_4front_S2.jpg,1
Segmented_4front_S3.jpg,1
Segmented_4front_S4.jpg,1
Segmented_4front_S5.jpg,1
Segmented_4front_S6.jpg,1
Segmented_4front_S7.jpg,1
Segmented_4front_S8.jpg,1
Segmented_4left_S1.jpg,1
Segmented_4left_S2.jpg,1
Segmented_4left_S5.jpg,1
Segmented_4left_S6.jpg,1
Segmented_4left_S7.jpg,1
Segmented_4left_S8.jpg,1
Segmented_4rear_S2.jpg,1
Segmented_4rear_S4.jpg,1
Segmented_4rear_S5.jpg,1
Segmented_4rear_S7.jpg,1
Segmented_4right_S1.jpg,1
Segmented_4right_S2.jpg,1
Segmented_4right_S3.jpg,1
Segmented_4right_S4.jpg,1
Segmented_4right_S5.jpg,1
Segmented_4right_S6.jpg,1
Segmented_4right_S7.jpg,1
Segmented_4right_S8.jpg,1
Segmented_4top_S1.jpg,1
Segmented_4top_S2.jpg,1
Segmented_4top_S4.jpg,1
Segmented_4top_S5.jpg,1
Segmented_4top_S6.jpg,1
Segmented_4top_S7.jpg,1
Segmented_4top_S8.jpg,1
Segmented_5front_S1.jpg,1
Segmented_5front_S2.jpg,1
Segmented_5front_S4.jpg,1
Segmented_5front_S5.jpg,1
Segmented_5front_S6.jpg,1
Segmented_5front_S7.jpg,1
Segmented_5front_S8.jpg,1
Segmented_5left_S1.jpg,1
Segmented_5left_S2.jpg,1
Segmented_5left_S3.jpg,1
Segmented_5left_S4.jpg,1
Segmented_5left_S5.jpg,1
Segmented_5left_S6.jpg,1
Segmented_5left_S7.jpg,1
Segmented_5left_S8.jpg,1
Segmented_5rear_S1.jpg,1
Segmented_5rear_S2.jpg,1
Segmented_5rear_S3.jpg,1
Segmented_5rear_S4.jpg,1
Segmented_5rear_S5.jpg,1
Segmented_5rear_S6.jpg,1
Segmented_5rear_S7.jpg,1
Segmented_5rear_S8.jpg,1
Segmented_5right_S1.jpg,1
Segmented_5right_S3.jpg,1
Segmented_5right_S4.jpg,1
Segmented_5right_S5.jpg,1
Segmented_5right_S6.jpg,1
Segmented_5right_S7.jpg,1
Segmented_5right_S8.jpg,1
Segmented_5top_S1.jpg,1
Segmented_5top_S2.jpg,1
Segmented_5top_S3.jpg,1
Segmented_5top_S4.jpg,1
Segmented_5top_S5.jpg,1
Segmented_5top_S6.jpg,1
Segmented_5top_S7.jpg,1
Segmented_5top_S8.jpg,1
Segmented_6front_S1.jpg,1
Segmented_6front_S2.jpg,1
Segmented_6front_S4.jpg,1
Segmented_6front_S5.jpg,1
Segmented_6front_S6.jpg,1
Segmented_6front_S7.jpg,1
Segmented_6front_S8.jpg,1
Segmented_6left_S1.jpg,1
Segmented_6left_S4.jpg,1
Segmented_6left_S5.jpg,1
Segmented_6left_S6.jpg,1
Segmented_6left_S7.jpg,1
Segmented_6left_S8.jpg,1
Segmented_6rear_S1.jpg,1
Segmented_6rear_S3.jpg,1
Segmented_6rear_S4.jpg,1
Segmented_6rear_S5.jpg,1
Segmented_6rear_S6.jpg,1
Segmented_6rear_S7.jpg,1
Segmented_6rear_S8.jpg,1
Segmented_6right_S1.jpg,1
Segmented_6right_S3.jpg,1
Segmented_6right_S4.jpg,1
Segmented_6right_S5.jpg,1
Segmented_6right_S6.jpg,1
Segmented_6right_S7.jpg,1
Segmented_6right_S8.jpg,1
Segmented_6top_S1.jpg,1
Segmented_6top_S2.jpg,1
Segmented_6top_S3.jpg,1
Segmented_6top_S5.jpg,1
Segmented_6top_S6.jpg,1
Segmented_6top_S7.jpg,1
Segmented_6top_S8.jpg,1
Segmented_7front_S1.jpg,1
Segmented_7front_S3.jpg,1
Segmented_7front_S4.jpg,1
Segmented_7front_S5.jpg,1
Segmented_7front_S6.jpg,1
Segmented_7front_S7.jpg,1
Segmented_7front_S8.jpg,1
Segmented_7left_S1.jpg,1
Segmented_7left_S3.jpg,1
Segmented_7left_S5.jpg,1
Segmented_7left_S6.jpg,1
Segmented_7left_S7.jpg,1
Segmented_7left_S8.jpg,1
Segmented_7rear_S1.jpg,1
Segmented_7rear_S3.jpg,1
Segmented_7rear_S4.jpg,1
Segmented_7rear_S5.jpg,1
Segmented_7rear_S6.jpg,1
Segmented_7rear_S7.jpg,1
Segmented_7right_S1.jpg,1
Segmented_7right_S2.jpg,1
Segmented_7right_S3.jpg,1
Segmented_7right_S4.jpg,1
Segmented_7right_S5.jpg,1
Segmented_7right_S6.jpg,1
Segmented_7right_S7.jpg,1
Segmented_7right_S8.jpg,1
Segmented_7top_S1.jpg,1
Segmented_7top_S2.jpg,1
Segmented_7top_S3.jpg,1
Segmented_7top_S4.jpg,1
Segmented_7top_S5.jpg,1
Segmented_7top_S6.jpg,1
Segmented_7top_S7.jpg,1
Segmented_7top_S8.jpg,1
Segmented_8front_S1.jpg,1
Segmented_8front_S3.jpg,1
Segmented_8front_S4.jpg,1
Segmented_8front_S5.jpg,1
Segmented_8front_S6.jpg,1
Segmented_8front_S7.jpg,1
Segmented_8front_S8.jpg,1
Segmented_8left_S1.jpg,1
Segmented_8left_S2.jpg,1
Segmented_8left_S3.jpg,1
Segmented_8left_S4.jpg,1
Segmented_8left_S5.jpg,1
Segmented_8left_S6.jpg,1
Segmented_8left_S7.jpg,1
Segmented_8left_S8.jpg,1
Segmented_8rear_S1.jpg,1
Segmented_8rear_S2.jpg,1
Segmented_8rear_S4.jpg,1
Segmented_8rear_S5.jpg,1
Segmented_8rear_S6.jpg,1
Segmented_8rear_S7.jpg,1
Segmented_8rear_S8.jpg,1
Segmented_8right_S1.jpg,1
Segmented_8right_S2.jpg,1
Segmented_8right_S3.jpg,1
Segmented_8right_S4.jpg,1
Segmented_8right_S5.jpg,1
Segmented_8right_S6.jpg,1
Segmented_8right_S7.jpg,1
Segmented_8right_S8.jpg,1
Segmented_8top_S1.jpg,1
Segmented_8top_S2.jpg,1
Segmented_8top_S3.jpg,1
Segmented_8top_S4.jpg,1
Segmented_8top_S5.jpg,1
Segmented_8top_S6.jpg,1
Segmented_8top_S7.jpg,1
Segmented_8top_S8.jpg,1
Segmented_9front_S1.jpg,1
Segmented_9front_S2.jpg,1
Segmented_9front_S3.jpg,1
Segmented_9front_S4.jpg,1
Segmented_9front_S5.jpg,1
Segmented_9front_S6.jpg,1
Segmented_9left_S2.jpg,1
Segmented_9left_S3.jpg,1
Segmented_9left_S4.jpg,1
Segmented_9left_S5.jpg,1
Segmented_9left_S6.jpg,1
Segmented_9left_S7.jpg,1
Segmented_9rear_S1.jpg,1
Segmented_9rear_S2.jpg,1
Segmented_9rear_S3.jpg,1
Segmented_9rear_S4.jpg,1
Segmented_9rear_S5.jpg,1
Segmented_9rear_S6.jpg,1
Segmented_9rear_S7.jpg,1
Segmented_9rear_S8.jpg,1
Segmented_9right_S1.jpg,1
Segmented_9right_S2.jpg,1
Segmented_9right_S4.jpg,1
Segmented_9right_S5.jpg,1
Segmented_9right_S6.jpg,1
Segmented_9top_S1.jpg,1
Segmented_9top_S2.jpg,1
Segmented_9top_S3.jpg,1
Segmented_9top_S4.jpg,1
Segmented_9top_S5.jpg,1
Segmented_9top_S6.jpg,1
Segmented_9top_S7.jpg,1
Segmented_10front_S1.jpg,0
Segmented_10front_S2.jpg,0
Segmented_10front_S3.jpg,0
Segmented_10front_S4.jpg,0
Segmented_10front_S6.jpg,0
Segmented_10front_S9.jpg,0
Segmented_10left_S2.jpg,0
Segmented_10left_S4.jpg,0
Segmented_10left_S6.jpg,0
Segmented_10left_S9.jpg,0
Segmented_10rear_S2.jpg,0
Segmented_10rear_S5.jpg,0
Segmented_10rear_S6.jpg,0
Segmented_10rear_S8.jpg,0
Segmented_10rear_S9.jpg,0
Segmented_10right_S2.jpg,0
Segmented_10right_S6.jpg,0
Segmented_10right_S9.jpg,0
Segmented_10top_S2.jpg,0
Segmented_10top_S4.jpg,0
Segmented_10top_S6.jpg,0
Segmented_10top_S7.jpg,0
Segmented_10top_S9.jpg,0
Segmented_11front_S1.jpg,0
Segmented_11front_S4.jpg,0
Segmented_11left_S6.jpg,0
Segmented_11left_S9.jpg,0
Segmented_11rear_S2.jpg,0
Segmented_11rear_S6.jpg,0
Segmented_11rear_S9.jpg,0
Segmented_11right_S2.jpg,0
Segmented_11top_S2.jpg,0
Segmented_12front_S1.jpg,0
Segmented_12rear_S9.jpg,0
Segmented_13rear_S9.jpg,0
Segmented_1front_S2.jpg,0
Segmented_1front_S4.jpg,0
Segmented_1front_S5.jpg,0
Segmented_1front_S6.jpg,0
Segmented_1front_S7.jpg,0
Segmented_1front_S9.jpg,0
Segmented_1left_S1.jpg,0
Segmented_1left_S2.jpg,0
Segmented_1left_S3.jpg,0
Segmented_1left_S5.jpg,0
Segmented_1left_S6.jpg,0
Segmented_1left_S7.jpg,0
Segmented_1left_S8.jpg,0
Segmented_1rear_S1.jpg,0
Segmented_1rear_S2.jpg,0
Segmented_1rear_S3.jpg,0
Segmented_1rear_S4.jpg,0
Segmented_1rear_S5.jpg,0
Segmented_1rear_S6.jpg,0
Segmented_1rear_S7.jpg,0
Segmented_1rear_S8.jpg,0
Segmented_1rear_S9.jpg,0
Segmented_1right_S1.jpg,0
Segmented_1right_S2.jpg,0
Segmented_1right_S3.jpg,0
Segmented_1right_S4.jpg,0
Segmented_1right_S5.jpg,0
Segmented_1right_S6.jpg,0
Segmented_1right_S7.jpg,0
Segmented_1right_S8.jpg,0
Segmented_1right_S9.jpg,0
Segmented_1top_S1.jpg,0
Segmented_1top_S5.jpg,0
Segmented_1top_S6.jpg,0
Segmented_1top_S8.jpg,0
Segmented_1top_S9.jpg,0
Segmented_2front_S2.jpg,0
Segmented_2front_S3.jpg,0
Segmented_2front_S4.jpg,0
Segmented_2front_S5.jpg,0
Segmented_2front_S6.jpg,0
Segmented_2front_S7.jpg,0
Segmented_2front_S8.jpg,0
Segmented_2front_S9.jpg,0
Segmented_2left_S1.jpg,0
Segmented_2left_S2.jpg,0
Segmented_2left_S3.jpg,0
Segmented_2left_S4.jpg,0
Segmented_2left_S5.jpg,0
Segmented_2left_S7.jpg,0
Segmented_2left_S8.jpg,0
Segmented_2left_S9.jpg,0
Segmented_2rear_S1.jpg,0
Segmented_2rear_S3.jpg,0
Segmented_2rear_S4.jpg,0
Segmented_2rear_S5.jpg,0
Segmented_2rear_S6.jpg,0
Segmented_2rear_S7.jpg,0
Segmented_2rear_S8.jpg,0
Segmented_2rear_S9.jpg,0
Segmented_2right_S1.jpg,0
Segmented_2right_S2.jpg,0
Segmented_2right_S3.jpg,0
Segmented_2right_S4.jpg,0
Segmented_2right_S5.jpg,0
Segmented_2right_S6.jpg,0
Segmented_2right_S7.jpg,0
Segmented_2right_S8.jpg,0
Segmented_2right_S9.jpg,0
Segmented_2top_S1.jpg,0
Segmented_2top_S2.jpg,0
Segmented_2top_S3.jpg,0
Segmented_2top_S5.jpg,0
Segmented_2top_S6.jpg,0
Segmented_2top_S8.jpg,0
Segmented_2top_S9.jpg,0
Segmented_3front_S1.jpg,0
Segmented_3front_S2.jpg,0
Segmented_3front_S4.jpg,0
Segmented_3front_S5.jpg,0
Segmented_3front_S6.jpg,0
Segmented_3front_S7.jpg,0
Segmented_3front_S8.jpg,0
Segmented_3front_S9.jpg,0
Segmented_3left_S1.jpg,0
Segmented_3left_S2.jpg,0
Segmented_3left_S3.jpg,0
Segmented_3left_S4.jpg,0
Segmented_3left_S5.jpg,0
Segmented_3left_S6.jpg,0
Segmented_3left_S7.jpg,0
Segmented_3left_S8.jpg,0
Segmented_3left_S9.jpg,0
Segmented_3rear_S1.jpg,0
Segmented_3rear_S2.jpg,0
Segmented_3rear_S3.jpg,0
Segmented_3rear_S4.jpg,0
Segmented_3rear_S5.jpg,0
Segmented_3rear_S6.jpg,0
Segmented_3rear_S8.jpg,0
Segmented_3rear_S9.jpg,0
Segmented_3right_S1.jpg,0
Segmented_3right_S2.jpg,0
Segmented_3right_S3.jpg,0
Segmented_3right_S4.jpg,0
Segmented_3right_S5.jpg,0
Segmented_3right_S6.jpg,0
Segmented_3right_S7.jpg,0
Segmented_3right_S8.jpg,0
Segmented_3right_S9.jpg,0
Segmented_3top_S1.jpg,0
Segmented_3top_S2.jpg,0
Segmented_3top_S3.jpg,0
Segmented_3top_S4.jpg,0
Segmented_3top_S5.jpg,0
Segmented_3top_S6.jpg,0
Segmented_3top_S7.jpg,0
Segmented_3top_S8.jpg,0
Segmented_3top_S9.jpg,0
Segmented_4front_S2.jpg,0
Segmented_4front_S5.jpg,0
Segmented_4front_S6.jpg,0
Segmented_4front_S7.jpg,0
Segmented_4front_S8.jpg,0
Segmented_4front_S9.jpg,0
Segmented_4left_S1.jpg,0
Segmented_4left_S2.jpg,0
Segmented_4left_S3.jpg,0
Segmented_4left_S4.jpg,0
Segmented_4left_S5.jpg,0
Segmented_4left_S6.jpg,0
Segmented_4left_S7.jpg,0
Segmented_4left_S8.jpg,0
Segmented_4left_S9.jpg,0
Segmented_4rear_S1.jpg,0
Segmented_4rear_S2.jpg,0
Segmented_4rear_S3.jpg,0
Segmented_4rear_S4.jpg,0
Segmented_4rear_S5.jpg,0
Segmented_4rear_S7.jpg,0
Segmented_4rear_S9.jpg,0
Segmented_4right_S1.jpg,0
Segmented_4right_S3.jpg,0
Segmented_4right_S4.jpg,0
Segmented_4right_S5.jpg,0
Segmented_4right_S6.jpg,0
Segmented_4right_S7.jpg,0
Segmented_4right_S8.jpg,0
Segmented_4right_S9.jpg,0
Segmented_4top_S1.jpg,0
Segmented_4top_S2.jpg,0
Segmented_4top_S3.jpg,0
Segmented_4top_S4.jpg,0
Segmented_4top_S5.jpg,0
Segmented_4top_S6.jpg,0
Segmented_4top_S7.jpg,0
Segmented_4top_S8.jpg,0
Segmented_4top_S9.jpg,0
Segmented_5front_S1.jpg,0
Segmented_5front_S2.jpg,0
Segmented_5front_S3.jpg,0
Segmented_5front_S5.jpg,0
Segmented_5front_S6.jpg,0
Segmented_5front_S7.jpg,0
Segmented_5front_S8.jpg,0
Segmented_5front_S9.jpg,0
Segmented_5left_S1.jpg,0
Segmented_5left_S2.jpg,0
Segmented_5left_S3.jpg,0
Segmented_5left_S5.jpg,0
Segmented_5left_S6.jpg,0
Segmented_5left_S7.jpg,0
Segmented_5left_S8.jpg,0
Segmented_5left_S9.jpg,0
Segmented_5rear_S1.jpg,0
Segmented_5rear_S2.jpg,0
Segmented_5rear_S3.jpg,0
Segmented_5rear_S4.jpg,0
Segmented_5rear_S5.jpg,0
Segmented_5rear_S6.jpg,0
Segmented_5rear_S7.jpg,0
Segmented_5rear_S8.jpg,0
Segmented_5right_S1.jpg,0
Segmented_5right_S2.jpg,0
Segmented_5right_S3.jpg,0
Segmented_5right_S4.jpg,0
Segmented_5right_S5.jpg,0
Segmented_5right_S6.jpg,0
Segmented_5right_S7.jpg,0
Segmented_5right_S8.jpg,0
Segmented_5right_S9.jpg,0
Segmented_5top_S1.jpg,0
Segmented_5top_S2.jpg,0
Segmented_5top_S3.jpg,0
Segmented_5top_S4.jpg,0
Segmented_5top_S5.jpg,0
Segmented_5top_S6.jpg,0
Segmented_5top_S7.jpg,0
Segmented_5top_S8.jpg,0
Segmented_5top_S9.jpg,0
Segmented_6front_S1.jpg,0
Segmented_6front_S2.jpg,0
Segmented_6front_S3.jpg,0
Segmented_6front_S4.jpg,0
Segmented_6front_S5.jpg,0
Segmented_6front_S6.jpg,0
Segmented_6front_S7.jpg,0
Segmented_6front_S8.jpg,0
Segmented_6front_S9.jpg,0
Segmented_6left_S1.jpg,0
Segmented_6left_S2.jpg,0
Segmented_6left_S3.jpg,0
Segmented_6left_S4.jpg,0
Segmented_6left_S5.jpg,0
Segmented_6left_S6.jpg,0
Segmented_6left_S7.jpg,0
Segmented_6left_S8.jpg,0
Segmented_6left_S9.jpg,0
Segmented_6rear_S1.jpg,0
Segmented_6rear_S2.jpg,0
Segmented_6rear_S3.jpg,0
Segmented_6rear_S4.jpg,0
Segmented_6rear_S5.jpg,0
Segmented_6rear_S6.jpg,0
Segmented_6rear_S7.jpg,0
Segmented_6rear_S8.jpg,0
Segmented_6rear_S9.jpg,0
Segmented_6right_S1.jpg,0
Segmented_6right_S2.jpg,0
Segmented_6right_S3.jpg,0
Segmented_6right_S4.jpg,0
Segmented_6right_S5.jpg,0
Segmented_6right_S6.jpg,0
Segmented_6right_S7.jpg,0
Segmented_6right_S8.jpg,0
Segmented_6right_S9.jpg,0
Segmented_6top_S1.jpg,0
Segmented_6top_S2.jpg,0
Segmented_6top_S3.jpg,0
Segmented_6top_S4.jpg,0
Segmented_6top_S5.jpg,0
Segmented_6top_S6.jpg,0
Segmented_6top_S7.jpg,0
Segmented_6top_S8.jpg,0
Segmented_6top_S9.jpg,0
Segmented_7front_S1.jpg,0
Segmented_7front_S2.jpg,0
Segmented_7front_S3.jpg,0
Segmented_7front_S4.jpg,0
Segmented_7front_S5.jpg,0
Segmented_7front_S6.jpg,0
Segmented_7front_S7.jpg,0
Segmented_7front_S8.jpg,0
Segmented_7front_S9.jpg,0
Segmented_7left_S1.jpg,0
Segmented_7left_S2.jpg,0
Segmented_7left_S4.jpg,0
Segmented_7left_S5.jpg,0
Segmented_7left_S6.jpg,0
Segmented_7left_S7.jpg,0
Segmented_7left_S8.jpg,0
Segmented_7left_S9.jpg,0
Segmented_7rear_S1.jpg,0
Segmented_7rear_S2.jpg,0
Segmented_7rear_S3.jpg,0
Segmented_7rear_S4.jpg,0
Segmented_7rear_S5.jpg,0
Segmented_7rear_S6.jpg,0
Segmented_7rear_S7.jpg,0
Segmented_7rear_S9.jpg,0
Segmented_7right_S1.jpg,0
Segmented_7right_S2.jpg,0
Segmented_7right_S4.jpg,0
Segmented_7right_S5.jpg,0
Segmented_7right_S6.jpg,0
Segmented_7right_S7.jpg,0
Segmented_7right_S8.jpg,0
Segmented_7right_S9.jpg,0
Segmented_7top_S1.jpg,0
Segmented_7top_S2.jpg,0
Segmented_7top_S3.jpg,0
Segmented_7top_S4.jpg,0
Segmented_7top_S5.jpg,0
Segmented_7top_S6.jpg,0
Segmented_7top_S7.jpg,0
Segmented_7top_S8.jpg,0
Segmented_7top_S9.jpg,0
Segmented_8front_S1.jpg,0
Segmented_8front_S2.jpg,0
Segmented_8front_S3.jpg,0
Segmented_8front_S5.jpg,0
Segmented_8front_S6.jpg,0
Segmented_8front_S7.jpg,0
Segmented_8front_S8.jpg,0
Segmented_8front_S9.jpg,0
Segmented_8left_S1.jpg,0
Segmented_8left_S2.jpg,0
Segmented_8left_S4.jpg,0
Segmented_8left_S5.jpg,0
Segmented_8left_S6.jpg,0
Segmented_8left_S7.jpg,0
Segmented_8left_S8.jpg,0
Segmented_8left_S9.jpg,0
Segmented_8rear_S1.jpg,0
Segmented_8rear_S2.jpg,0
Segmented_8rear_S4.jpg,0
Segmented_8rear_S5.jpg,0
Segmented_8rear_S6.jpg,0
Segmented_8rear_S7.jpg,0
Segmented_8rear_S8.jpg,0
Segmented_8rear_S9.jpg,0
Segmented_8right_S1.jpg,0
Segmented_8right_S2.jpg,0
Segmented_8right_S4.jpg,0
Segmented_8right_S5.jpg,0
Segmented_8right_S6.jpg,0
Segmented_8right_S7.jpg,0
Segmented_8right_S8.jpg,0
Segmented_8right_S9.jpg,0
Segmented_8top_S1.jpg,0
Segmented_8top_S2.jpg,0
Segmented_8top_S3.jpg,0
Segmented_8top_S4.jpg,0
Segmented_8top_S5.jpg,0
Segmented_8top_S6.jpg,0
Segmented_8top_S7.jpg,0
Segmented_8top_S8.jpg,0
Segmented_8top_S9.jpg,0
Segmented_9front_S1.jpg,0
Segmented_9front_S2.jpg,0
Segmented_9front_S3.jpg,0
Segmented_9front_S4.jpg,0
Segmented_9front_S5.jpg,0
Segmented_9front_S6.jpg,0
Segmented_9front_S9.jpg,0
Segmented_9left_S1.jpg,0
Segmented_9left_S2.jpg,0
Segmented_9left_S4.jpg,0
Segmented_9left_S5.jpg,0
Segmented_9left_S6.jpg,0
Segmented_9left_S7.jpg,0
Segmented_9left_S9.jpg,0
Segmented_9rear_S1.jpg,0
Segmented_9rear_S2.jpg,0
Segmented_9rear_S4.jpg,0
Segmented_9rear_S5.jpg,0
Segmented_9rear_S6.jpg,0
Segmented_9rear_S7.jpg,0
Segmented_9rear_S8.jpg,0
Segmented_9rear_S9.jpg,0
Segmented_9right_S1.jpg,0
Segmented_9right_S2.jpg,0
Segmented_9right_S4.jpg,0
Segmented_9right_S5.jpg,0
Segmented_9right_S6.jpg,0
Segmented_9right_S9.jpg,0
Segmented_9top_S1.jpg,0
Segmented_9top_S2.jpg,0
Segmented_9top_S4.jpg,0
Segmented_9top_S5.jpg,0
Segmented_9top_S6.jpg,0
Segmented_9top_S7.jpg,0
Segmented_9top_S9.jpg,0
